{
  "model_cfg": {
    "nc": 2
  },
  "train_cfg": {
    "epochs": 28,
    "lr": 0.001,
    "batch": 64,
    "val_ratio": 0.2
  },
  "FordA_TEST": {
    "acc": 0.9325757575757576,
    "prec": 0.9008746355685131,
    "rec": 0.9671361502347418,
    "f1": 0.9328301886792453,
    "cm": [
      [
        613,
        68
      ],
      [
        21,
        618
      ]
    ],
    "loss": 0.16768918561212945
  },
  "FordB_TEST": {
    "acc": 0.7888888888888889,
    "prec": 0.7408906882591093,
    "rec": 0.8948655256723717,
    "f1": 0.8106312292358804,
    "cm": [
      [
        273,
        128
      ],
      [
        43,
        366
      ]
    ],
    "loss": 0.566626078405498
  }
}