{
  "CNN1D": {
    "train_loss": [
      0.3750949165383299,
      0.2588842963539284,
      0.22793361926318786,
      0.21775678974272103,
      0.21532384723849032,
      0.20542234272354387,
      0.18618449809773852,
      0.197862847568839,
      0.1930913365743757,
      0.20094395734832668,
      0.19432920918866853,
      0.19151840616290414,
      0.16676808537314725,
      0.17552558798957144,
      0.1716810465479675,
      0.16742054839301382,
      0.15268361540520947,
      0.15969411915517936,
      0.14863687483687568,
      0.14559037569122818,
      0.14733804215659949,
      0.15478019814075838,
      0.1460463082529695,
      0.1536708109828177,
      0.15701472628906923,
      0.14279873134857332,
      0.13590555106629434,
      0.1382462557965126,
      0.1459363708062455,
      0.14716813371687124,
      0.14310142229266234,
      0.1410370917938435,
      0.1348790957546201,
      0.12603096581713602,
      0.1240893046254294,
      0.12288893274613777,
      0.11934457492265632,
      0.1128878499724227,
      0.1092795883717532,
      0.11104219009358202,
      0.09701712558311706,
      0.107048566687525,
      0.10189435772496931
    ],
    "val_loss": [
      1.8545250786675347,
      0.3763081497616238,
      0.15520230895943113,
      0.14719081189897326,
      0.15008970929516685,
      0.13815143704414368,
      0.1504385507769055,
      0.15598634514543747,
      0.1553536699877845,
      0.18664263354407418,
      0.21331414845254687,
      0.1548070854610867,
      0.1360319564739863,
      0.16128537522421943,
      0.13898038466771442,
      0.17857616742451984,
      0.1968777060508728,
      0.1499517970614963,
      0.13546974509954451,
      0.132329566611184,
      0.13465955820348527,
      0.15842061705059476,
      0.1749216182364358,
      0.1392060496740871,
      0.17860225836435953,
      0.13113856183158026,
      0.13631412121984693,
      0.14064580930603876,
      0.14581756989161174,
      0.18196248528030184,
      0.1434264580408732,
      0.16472349961598715,
      0.12752684851487478,
      0.1539477801985211,
      0.17682989471488528,
      0.1300608108441035,
      0.13835285620556936,
      0.15883774740828407,
      0.16659948097334967,
      0.1448649757438236,
      0.13542538550164965,
      0.1328303466240565,
      0.13480173167255188
    ],
    "val_acc": [
      0.4930555555555556,
      0.8319444444444445,
      0.9416666666666667,
      0.9472222222222222,
      0.9347222222222222,
      0.9458333333333333,
      0.9458333333333333,
      0.9388888888888889,
      0.9375,
      0.9305555555555556,
      0.9166666666666666,
      0.9388888888888889,
      0.95,
      0.9347222222222222,
      0.9472222222222222,
      0.9263888888888889,
      0.9291666666666667,
      0.9444444444444444,
      0.9486111111111111,
      0.9416666666666667,
      0.9513888888888888,
      0.9444444444444444,
      0.9291666666666667,
      0.9402777777777778,
      0.9347222222222222,
      0.95,
      0.95,
      0.9375,
      0.9416666666666667,
      0.9347222222222222,
      0.9361111111111111,
      0.9305555555555556,
      0.9472222222222222,
      0.9444444444444444,
      0.9305555555555556,
      0.9444444444444444,
      0.9472222222222222,
      0.9388888888888889,
      0.9388888888888889,
      0.9416666666666667,
      0.9444444444444444,
      0.95,
      0.9458333333333333
    ]
  },
  "LSTM": {
    "train_loss": [
      0.6939623502342703,
      0.6931142591842551,
      0.6931458006754223,
      0.6941386247955648,
      0.6931098370202835,
      0.6930825820154549,
      0.6930289732545086,
      0.6931213428269902,
      0.6933435291434609,
      0.6929287569715677,
      0.6927428360988348
    ],
    "val_loss": [
      0.691270399093628,
      0.6919646355840895,
      0.6960896253585815,
      0.6918873310089111,
      0.6929389953613281,
      0.6915777775976393,
      0.6919735776053535,
      0.69251549243927,
      0.6924326446321275,
      0.6921866840786404,
      0.6933519376648797
    ],
    "val_acc": [
      0.5347222222222222,
      0.5347222222222222,
      0.5055555555555555,
      0.5347222222222222,
      0.5138888888888888,
      0.5347222222222222,
      0.5236111111111111,
      0.5194444444444445,
      0.5277777777777778,
      0.5277777777777778,
      0.5152777777777777
    ]
  }
}