{
  "CNN1D": {
    "tl": [
      0.3612338263141906,
      0.25328715556779285,
      0.22569796909519635,
      0.2172397755368308,
      0.2252668545958649,
      0.19342763735907892,
      0.20107935344705313,
      0.18954166195865144,
      0.19180775004226025,
      0.17527072576961764,
      0.1892029940564779,
      0.21925363309761586,
      0.1923098540976411,
      0.18208190174989922,
      0.1890056891724369,
      0.16159140560950558,
      0.16617052503775823,
      0.15406017661798088,
      0.1668164146232009,
      0.15503999298126156,
      0.1455809466336511,
      0.14968336343310104,
      0.14674966118477237,
      0.14678314485429103,
      0.13911962829832814,
      0.12771445692764807,
      0.13253820978986933,
      0.13267579212841663
    ],
    "vl": [
      0.5110772185855441,
      0.26369029217296175,
      0.1552687214480506,
      0.3703766001595391,
      0.18313631812731426,
      0.20050007303555806,
      0.15257976916101243,
      0.23667069772879282,
      0.14351926313506233,
      0.16049072841803233,
      0.2870170788632499,
      0.16215009258853064,
      0.14501093692249722,
      0.15995924671490988,
      0.15447231961621177,
      0.13485289944542778,
      0.1344270153178109,
      0.12294680674870809,
      0.13570680022239684,
      0.15542524490091536,
      0.1461558269129859,
      0.12339080307218764,
      0.13384436534510719,
      0.13922300106949276,
      0.12619610064559514,
      0.12493100729253558,
      0.12970799207687378,
      0.13443129460016887
    ],
    "va": [
      0.7583333333333333,
      0.8888888888888888,
      0.9291666666666667,
      0.8111111111111111,
      0.9236111111111112,
      0.9236111111111112,
      0.9333333333333333,
      0.8902777777777777,
      0.9361111111111111,
      0.9347222222222222,
      0.8805555555555555,
      0.9361111111111111,
      0.9458333333333333,
      0.9319444444444445,
      0.9430555555555555,
      0.9347222222222222,
      0.9402777777777778,
      0.9527777777777777,
      0.9375,
      0.9388888888888889,
      0.9402777777777778,
      0.95,
      0.9416666666666667,
      0.9486111111111111,
      0.95,
      0.9541666666666667,
      0.95,
      0.9458333333333333
    ]
  },
  "GRU": {
    "tl": [
      0.6948355325018933,
      0.69395404253433,
      0.6933268486150062,
      0.6936675999901932,
      0.6928605893882187,
      0.6935581474492881,
      0.6930103268485978,
      0.6934872539620233,
      0.6930656708681264,
      0.6933336320621857,
      0.6927090370791606,
      0.692554803967931,
      0.6930588516705734,
      0.6921433848624675
    ],
    "vl": [
      0.6924487206670973,
      0.6930246896213955,
      0.6918440951241387,
      0.6918113138940599,
      0.6921623799535963,
      0.6933490408791436,
      0.6956131259600321,
      0.6934439460436503,
      0.6942552102936639,
      0.6953763047854106,
      0.6943610919846429,
      0.6945818755361769,
      0.6943872107399834,
      0.6944081332948473
    ],
    "va": [
      0.5347222222222222,
      0.5152777777777777,
      0.5347222222222222,
      0.5388888888888889,
      0.5166666666666667,
      0.5152777777777777,
      0.49027777777777776,
      0.5111111111111111,
      0.5166666666666667,
      0.4777777777777778,
      0.5263888888888889,
      0.5166666666666667,
      0.4847222222222222,
      0.5083333333333333
    ]
  }
}