{
  "CNN1D": {
    "FordA_TEST": {
      "acc": 0.9325757575757576,
      "prec": 0.9008746355685131,
      "rec": 0.9671361502347418,
      "f1": 0.9328301886792453,
      "cm": [
        [
          613,
          68
        ],
        [
          21,
          618
        ]
      ],
      "loss": 0.16768918561212945
    },
    "FordB_TEST": {
      "acc": 0.7888888888888889,
      "prec": 0.7408906882591093,
      "rec": 0.8948655256723717,
      "f1": 0.8106312292358804,
      "cm": [
        [
          273,
          128
        ],
        [
          43,
          366
        ]
      ],
      "loss": 0.566626078405498
    }
  },
  "GRU": {
    "FordA_TEST": {
      "acc": 0.5143939393939394,
      "prec": 0.4979253112033195,
      "rec": 0.3755868544600939,
      "f1": 0.4281891168599465,
      "cm": [
        [
          439,
          242
        ],
        [
          399,
          240
        ]
      ],
      "loss": 0.6929353717601661
    },
    "FordB_TEST": {
      "acc": 0.4740740740740741,
      "prec": 0.4717607973421927,
      "rec": 0.3471882640586797,
      "f1": 0.4,
      "cm": [
        [
          242,
          159
        ],
        [
          267,
          142
        ]
      ],
      "loss": 0.6962829077685321
    }
  }
}