{
  "CNN1D": {
    "FordA_TEST": {
      "accuracy": 0.9363636363636364,
      "precision": 0.9236641221374046,
      "recall": 0.94679186228482,
      "f1": 0.9350850077279753,
      "confusion_matrix": [
        [
          631,
          50
        ],
        [
          34,
          605
        ]
      ],
      "loss": 0.16335213175325683
    },
    "FordB_TEST": {
      "accuracy": 0.7975308641975308,
      "precision": 0.7657266811279827,
      "recall": 0.863080684596577,
      "f1": 0.8114942528735632,
      "confusion_matrix": [
        [
          293,
          108
        ],
        [
          56,
          353
        ]
      ],
      "loss": 0.5735261037025923
    }
  },
  "LSTM": {
    "FordA_TEST": {
      "accuracy": 0.5151515151515151,
      "precision": 0.4984025559105431,
      "recall": 0.24413145539906103,
      "f1": 0.3277310924369748,
      "confusion_matrix": [
        [
          524,
          157
        ],
        [
          483,
          156
        ]
      ],
      "loss": 0.6932185613747799
    },
    "FordB_TEST": {
      "accuracy": 0.4703703703703704,
      "precision": 0.44565217391304346,
      "recall": 0.20048899755501223,
      "f1": 0.2765598650927487,
      "confusion_matrix": [
        [
          299,
          102
        ],
        [
          327,
          82
        ]
      ],
      "loss": 0.6951781392097474
    }
  }
}